product_id,category,weight_kg,volume_l,price_eur,margin_pct,monthly_sales,return_rate_pct,shipping_cost_eur,rating,restock_days
P-BO0008,Books,0.57,1.12,11.14,22.5,448.0,3.2,2.4,4.26,8.0
P-EL0013,Electronics,1.99,2.32,148.31,9.8,249.0,5.8,5.12,3.98,18.0
P-FO0014,Food,0.78,1.11,19.0,11.4,648.0,0.3,3.21,4.08,3.0
P-EL0032,Electronics,0.95,2.08,204.22,4.0,141.0,4.8,3.5,4.25,15.0
P-FO0060,Food,1.81,2.85,7.38,31.2,828.0,0.0,5.03,4.26,3.0
P-AP0055,Apparel,0.74,2.07,47.04,12.4,487.0,21.1,3.15,2.97,12.0
P-HO0049,Home,8.75,28.72,44.67,15.7,639.0,6.7,20.7,4.19,22.0
P-HO0017,Home,9.89,24.21,53.75,14.5,371.0,5.9,19.13,4.63,17.0
P-HO0021,Home,9.19,22.51,51.03,14.6,302.0,7.8,18.15,4.75,12.0
P-HO0093,Home,2.46,5.92,97.13,10.7,226.0,5.7,5.96,4.31,13.0
P-AP0032,Apparel,0.68,1.05,34.2,12.1,659.0,14.9,3.86,3.87,9.0
P-FO0065,Food,0.88,2.26,7.75,22.5,872.0,1.3,3.45,4.51,3.0
P-FO0038,Food,2.0,2.95,10.56,24.1,559.0,0.1,4.98,4.11,2.0
P-AP0079,Apparel,0.49,1.35,53.18,13.3,647.0,36.0,3.35,3.25,14.0
P-FO0097,Food,1.67,2.19,24.56,17.8,742.0,0.0,4.01,3.89,1.0
P-BO0090,Books,0.97,1.37,23.26,24.1,346.0,1.7,2.8,3.52,7.0
P-FO0082,Food,1.91,2.59,13.66,20.9,689.0,0.0,5.39,4.31,3.0
P-FO0072,Food,2.32,4.74,9.86,25.2,683.0,1.1,6.23,3.57,4.0
P-FO0016,Food,3.08,6.98,11.7,22.0,1181.0,2.0,8.26,4.34,4.0
P-BO0002,Books,0.73,1.7,27.08,26.1,705.0,1.6,4.11,3.75,8.0
P-AP0038,Apparel,0.61,1.4,43.43,17.8,1114.0,11.8,2.59,3.87,8.0
P-HO0028,Home,4.38,10.23,75.99,13.7,667.0,5.4,9.71,4.48,11.0
P-BO0021,Books,0.89,1.76,19.69,26.1,644.0,2.1,3.4,4.01,7.0
P-AP0001,Apparel,0.42,0.61,57.53,11.7,178.0,19.3,2.35,4.22,9.0
P-HO0005,Home,2.74,3.48,109.68,7.8,217.0,3.9,4.73,4.44,11.0
P-BO0077,Books,0.41,0.62,17.12,14.1,671.0,0.0,2.59,4.0,7.0
P-AP0018,Apparel,0.74,1.2,51.8,9.5,233.0,30.0,3.06,3.65,12.0
P-EL0060,Electronics,0.56,0.76,163.64,6.8,197.0,5.8,1.79,4.55,16.0
P-EL0090,Electronics,1.62,4.89,162.74,4.0,260.0,2.8,5.59,3.71,17.0
P-BO0061,Books,0.24,0.53,17.8,21.5,754.0,0.7,1.5,3.45,7.0
P-BO0099,Books,0.37,0.86,15.75,23.8,558.0,2.2,2.49,4.32,9.0
P-BO0054,Books,0.81,1.14,7.68,24.0,610.0,1.6,3.09,4.73,9.0
P-EL0051,Electronics,1.59,2.1,206.35,9.4,165.0,7.4,4.25,3.82,18.0
P-BO0053,Books,0.53,1.02,6.58,26.4,737.0,3.2,2.47,4.36,4.0
P-HO0043,Home,3.31,3.1,51.58,15.9,547.0,4.6,6.79,4.36,11.0
P-FO0067,Food,1.1,2.26,23.35,14.9,554.0,0.1,4.22,4.02,3.0
P-FO0046,Food,3.42,3.73,11.56,28.5,659.0,1.1,6.73,3.68,3.0
P-HO0012,Home,7.35,15.62,91.11,14.6,432.0,8.1,13.09,4.04,12.0
P-FO0004,Food,1.86,3.91,17.78,14.3,1028.0,0.7,6.21,4.09,3.0
P-HO0045,Home,2.6,2.72,47.03,12.1,333.0,2.8,7.31,3.82,13.0
P-HO0036,Home,7.18,12.79,58.18,14.6,362.0,11.2,12.44,3.49,13.0
P-BO0055,Books,0.29,0.84,11.98,18.5,528.0,2.4,1.5,3.67,7.0
P-EL0082,Electronics,1.02,1.62,260.85,4.0,124.0,5.2,4.56,4.8,15.0
P-BO0063,Books,0.75,3.36,13.41,23.1,854.0,3.9,3.4,3.4,7.0
P-HO0094,Home,5.77,10.66,72.7,13.0,480.0,3.0,11.88,3.32,19.0
P-AP0015,Apparel,0.67,0.89,46.44,9.5,792.0,15.0,3.27,4.04,10.0
P-HO0061,Home,3.99,5.93,139.41,4.6,152.0,2.8,6.95,4.07,12.0
P-HO0040,Home,4.99,6.13,101.25,9.9,392.0,8.3,8.89,4.15,16.0
P-FO0023,Food,2.89,6.84,11.03,26.3,411.0,1.3,6.36,4.13,2.0
P-FO0013,Food,1.46,2.69,10.88,18.4,1293.0,1.5,4.36,4.18,2.0
P-FO0062,Food,1.48,2.92,7.47,28.0,604.0,1.5,4.23,3.9,4.0
P-FO0089,Food,3.3,5.13,8.98,21.2,957.0,2.8,7.26,4.76,3.0
P-BO0076,Books,0.64,0.78,13.15,22.5,916.0,3.2,3.49,3.08,8.0
P-HO0058,Home,7.76,12.82,55.0,16.7,554.0,7.7,12.38,4.59,13.0
P-BO0097,Books,0.45,0.82,45.73,12.4,391.0,1.9,2.71,4.55,6.0
P-FO0055,Food,2.11,3.26,5.67,19.6,899.0,0.5,5.92,3.75,5.0
P-HO0002,Home,5.67,12.22,83.27,8.6,301.0,0.0,11.78,4.55,14.0
P-HO0067,Home,8.82,15.46,69.1,5.7,306.0,4.1,16.48,4.22,13.0
P-AP0088,Apparel,0.35,0.76,57.5,21.7,415.0,24.7,2.09,3.54,11.0
P-AP0062,Apparel,0.25,0.4,40.64,19.0,243.0,15.0,2.0,3.75,8.0
P-FO0098,Food,1.12,2.58,9.3,22.0,851.0,0.0,5.28,3.64,3.0
P-HO0020,Home,2.52,3.26,70.41,14.7,337.0,5.9,4.31,3.88,12.0
P-BO0018,Books,0.8,1.8,11.97,24.6,519.0,4.7,4.34,4.07,7.0
P-FO0056,Food,1.62,2.75,7.58,22.8,1024.0,1.3,3.4,4.45,3.0
P-EL0065,Electronics,1.71,2.35,269.9,10.3,99.0,7.9,3.37,3.14,25.0
P-HO0059,Home,3.47,5.23,45.21,12.2,512.0,8.5,5.81,4.6,16.0
P-FO0036,Food,1.6,2.49,15.12,26.5,1410.0,2.2,4.65,4.12,3.0
P-BO0050,Books,0.6,1.02,11.27,27.4,772.0,3.4,3.14,3.32,6.0
P-BO0060,Books,0.37,0.42,10.83,28.4,696.0,2.1,2.64,4.1,8.0
P-FO0070,Food,2.24,3.54,12.08,16.8,640.0,1.9,4.57,3.36,3.0
P-HO0095,Home,5.0,10.13,95.81,4.0,367.0,2.4,11.8,3.68,17.0
P-EL0030,Electronics,3.15,5.04,100.24,16.4,178.0,5.1,7.92,4.2,23.0
P-EL0022,Electronics,2.08,4.0,193.17,11.1,125.0,9.5,5.66,2.88,15.0
P-HO0056,Home,6.02,14.24,57.48,15.0,415.0,5.3,13.3,3.05,15.0
P-EL0031,Electronics,1.0,1.19,142.12,10.8,233.0,3.6,5.3,4.06,29.0
P-FO0022,Food,1.21,2.88,11.7,18.8,433.0,0.2,6.59,3.42,2.0
P-EL0052,Electronics,0.62,0.68,359.4,4.0,178.0,6.8,4.17,3.51,26.0
P-FO0076,Food,1.12,1.54,7.66,27.0,303.0,1.3,4.29,3.39,3.0
P-HO0042,Home,9.65,12.02,150.67,18.7,116.0,0.4,14.42,3.95,11.0
P-HO0064,Home,7.41,10.69,61.86,15.7,418.0,10.7,12.12,4.4,13.0
P-EL0089,Electronics,1.47,4.33,172.7,4.0,214.0,10.2,4.74,3.83,12.0
P-EL0056,Electronics,1.06,1.98,214.19,6.7,206.0,4.0,3.24,3.6,23.0
P-BO0014,Books,0.47,0.85,20.77,23.7,655.0,3.2,3.68,3.54,8.0
P-EL0002,Electronics,1.68,2.72,186.64,10.1,212.0,4.1,5.56,3.55,23.0
P-EL0058,Electronics,0.81,1.26,170.62,4.0,192.0,2.8,4.22,4.33,11.0
P-HO0013,Home,6.48,4.86,69.72,13.3,611.0,5.1,8.72,4.36,13.0
P-HO0022,Home,11.26,11.39,73.73,9.0,326.0,7.6,17.41,3.85,19.0
P-FO0047,Food,1.51,3.56,35.9,8.6,389.0,2.7,5.15,3.03,3.0
P-HO0000,Home,6.38,9.73,58.42,14.6,303.0,3.9,11.04,4.27,12.0
P-EL0074,Electronics,1.28,1.57,337.75,5.3,118.0,6.5,4.49,3.98,11.0
P-BO0019,Books,0.31,0.71,25.93,10.3,353.0,3.2,3.27,4.59,8.0
P-HO0048,Home,5.47,7.58,72.92,10.8,313.0,8.4,10.31,3.15,15.0
P-FO0009,Food,1.77,2.93,14.1,16.1,1001.0,1.0,4.58,3.01,2.0
P-AP0020,Apparel,0.35,0.69,53.88,13.9,294.0,20.2,1.87,3.96,13.0
P-EL0080,Electronics,1.47,3.93,218.11,6.1,151.0,0.0,5.47,4.08,22.0
P-HO0035,Home,6.76,19.7,93.99,9.3,186.0,5.2,14.51,4.47,18.0
P-EL0026,Electronics,1.52,4.26,492.72,4.0,90.0,9.8,4.77,4.03,21.0
P-AP0068,Apparel,0.61,1.68,38.17,18.7,712.0,10.3,3.85,4.02,8.0
P-FO0051,Food,2.02,3.01,8.92,34.4,711.0,2.2,4.77,3.54,3.0
P-HO0038,Home,12.64,18.57,47.04,16.2,302.0,7.4,20.77,4.23,16.0
P-BO0042,Books,0.34,0.74,18.18,17.0,571.0,2.3,3.95,4.08,7.0
P-BO0059,Books,0.74,1.02,39.28,14.7,356.0,1.6,3.34,4.42,6.0
P-AP0009,Apparel,0.25,0.5,62.98,14.3,310.0,26.2,2.69,3.4,10.0
P-EL0050,Electronics,1.37,2.35,155.35,9.2,176.0,7.0,5.54,3.97,19.0
P-FO0052,Food,2.64,4.51,6.98,26.1,881.0,1.3,6.49,4.11,2.0
P-HO0089,Home,8.3,9.93,84.4,13.6,166.0,4.9,13.14,4.28,7.0
P-EL0014,Electronics,1.48,2.72,157.89,10.9,165.0,8.1,3.92,3.84,18.0
P-BO0062,Books,0.39,0.56,20.33,29.8,725.0,2.4,2.9,3.46,5.0
P-AP0014,Apparel,0.62,0.82,46.87,4.3,505.0,33.2,1.87,3.13,7.0
P-BO0068,Books,0.73,1.33,40.57,24.1,324.0,1.6,3.53,4.71,8.0
P-EL0003,Electronics,1.83,4.11,232.88,4.0,115.0,2.1,4.85,4.03,23.0
P-HO0004,Home,6.78,14.69,39.91,14.8,658.0,5.8,12.83,4.53,18.0
P-EL0059,Electronics,1.86,2.34,103.86,9.6,248.0,3.7,4.46,4.23,24.0
P-HO0071,Home,5.05,8.29,39.87,11.6,308.0,4.5,9.34,4.3,19.0
P-AP0059,Apparel,0.48,0.99,25.52,16.6,503.0,24.9,2.88,3.66,10.0
P-FO0006,Food,0.86,1.46,8.6,18.7,663.0,0.0,3.49,4.22,3.0
P-EL0098,Electronics,1.44,2.58,89.15,13.2,139.0,6.6,3.76,4.43,24.0
P-AP0046,Apparel,0.47,0.71,54.37,12.4,428.0,41.1,1.62,3.22,9.0
P-EL0040,Electronics,1.68,3.42,126.75,4.0,202.0,1.6,3.86,4.52,31.0
P-AP0065,Apparel,0.22,0.38,31.89,16.8,571.0,22.3,2.08,3.34,10.0
P-EL0041,Electronics,1.53,2.05,173.34,8.3,189.0,3.9,4.79,4.56,21.0
P-BO0040,Books,0.34,0.58,34.72,21.8,451.0,3.3,2.47,4.93,7.0
P-AP0087,Apparel,0.46,0.53,52.08,14.2,267.0,10.7,3.46,4.0,6.0
P-BO0026,Books,0.33,1.04,24.8,21.7,547.0,0.9,3.27,4.25,8.0
P-BO0033,Books,0.41,0.54,27.47,19.6,429.0,3.0,2.48,4.09,8.0
P-HO0098,Home,5.31,8.15,33.96,16.0,408.0,3.6,9.45,3.17,15.0
P-EL0079,Electronics,1.04,2.05,199.95,4.4,372.0,6.9,3.74,3.37,21.0
P-AP0064,Apparel,0.39,0.58,30.34,17.3,448.0,30.1,2.1,4.03,7.0
P-EL0028,Electronics,1.44,2.15,127.95,4.2,132.0,6.7,3.52,3.45,27.0
P-AP0045,Apparel,0.34,0.47,59.31,13.8,814.0,24.4,2.51,3.64,8.0
P-BO0064,Books,0.39,0.51,18.21,19.4,494.0,1.4,3.07,4.29,9.0
P-HO0037,Home,5.79,7.35,104.28,13.5,242.0,6.9,10.17,3.23,13.0
P-HO0077,Home,14.67,28.18,71.52,14.4,625.0,3.4,25.42,3.6,16.0
P-EL0057,Electronics,2.35,5.68,154.86,8.8,137.0,3.3,6.43,4.42,23.0
P-FO0053,Food,2.49,5.62,10.44,22.3,590.0,0.3,5.12,3.44,3.0
P-EL0062,Electronics,1.29,4.4,197.52,10.3,87.0,6.1,4.27,4.31,21.0
P-AP0011,Apparel,0.48,1.33,40.37,13.9,594.0,40.3,3.48,3.18,4.0
P-EL0084,Electronics,0.7,1.43,115.44,4.0,227.0,7.9,3.03,3.95,15.0
P-FO0084,Food,1.12,3.49,8.87,21.7,1055.0,1.0,4.14,4.41,3.0
P-BO0072,Books,0.45,0.58,17.78,14.4,877.0,1.8,1.77,4.56,8.0
P-AP0047,Apparel,0.11,0.23,38.59,8.9,355.0,34.4,1.81,3.94,11.0
P-BO0044,Books,0.79,1.17,17.07,21.8,549.0,2.6,2.29,4.55,7.0
P-AP0029,Apparel,0.41,1.02,19.45,22.5,785.0,28.1,3.36,4.02,10.0
P-FO0031,Food,3.08,6.83,28.28,21.0,449.0,0.3,7.85,3.56,2.0
P-EL0096,Electronics,0.66,1.44,202.62,9.2,78.0,4.6,1.68,4.46,17.0
P-FO0068,Food,0.82,1.96,13.61,19.9,650.0,0.9,4.44,4.02,5.0
P-HO0068,Home,5.5,8.7,86.55,8.3,149.0,3.0,10.66,3.23,14.0
P-AP0041,Apparel,0.6,1.44,17.79,16.7,724.0,25.0,3.83,3.83,14.0
P-FO0050,Food,3.42,5.66,15.2,18.8,890.0,0.7,7.08,4.0,2.0
P-BO0024,Books,0.38,0.69,13.73,21.6,729.0,2.3,3.43,5.0,5.0
P-BO0000,Books,0.74,1.22,14.39,27.0,464.0,1.3,3.68,4.25,7.0
P-HO0092,Home,3.9,7.52,73.79,8.2,482.0,1.3,8.88,4.29,14.0
P-HO0083,Home,6.8,11.35,74.58,8.1,346.0,3.8,12.27,4.18,12.0
P-FO0074,Food,0.98,2.44,7.2,23.5,498.0,0.1,4.21,4.49,2.0
P-HO0032,Home,3.93,5.46,91.13,9.4,175.0,5.6,6.94,4.1,14.0
P-HO0046,Home,6.6,9.47,91.17,7.2,158.0,4.6,11.19,3.87,20.0
P-EL0081,Electronics,0.89,1.71,89.58,16.3,459.0,3.0,4.04,4.0,26.0
P-BO0095,Books,0.68,0.85,13.25,18.0,979.0,2.7,3.53,4.03,11.0
P-BO0010,Books,0.49,0.73,14.83,31.3,713.0,2.0,2.54,3.07,8.0
P-FO0092,Food,0.75,1.21,4.71,27.5,616.0,1.5,2.69,3.59,2.0
P-FO0021,Food,1.36,3.01,19.64,18.9,685.0,1.6,4.85,4.11,4.0
P-BO0036,Books,0.33,0.69,8.88,25.5,1147.0,3.3,2.56,3.74,9.0
P-AP0073,Apparel,0.53,0.59,30.19,19.0,292.0,3.5,2.87,4.23,14.0
P-BO0001,Books,0.3,0.73,10.26,26.8,597.0,3.4,4.17,4.4,9.0
P-EL0053,Electronics,1.04,1.62,121.29,12.5,462.0,11.3,2.93,4.8,21.0
P-FO0008,Food,2.56,4.42,11.53,19.2,521.0,2.2,6.84,4.21,3.0
P-AP0039,Apparel,0.59,1.3,45.07,21.4,393.0,31.2,4.25,3.38,10.0
P-HO0063,Home,10.31,17.28,81.48,14.1,277.0,6.1,16.69,4.74,9.0
P-HO0074,Home,4.03,4.85,71.6,13.7,337.0,4.2,6.88,3.98,13.0
P-EL0066,Electronics,1.03,2.44,191.55,4.0,140.0,5.6,2.85,4.03,14.0
P-FO0094,Food,3.21,3.71,15.42,24.0,788.0,2.1,6.43,3.54,3.0
P-HO0053,Home,8.8,13.01,219.53,4.0,60.0,5.4,14.09,3.05,11.0
P-HO0084,Home,2.63,3.74,105.37,4.0,291.0,6.5,5.81,4.18,9.0
P-BO0058,Books,0.7,1.14,19.38,17.5,364.0,0.9,2.52,3.98,8.0
P-EL0099,Electronics,0.8,1.37,205.23,4.0,87.0,1.4,3.26,4.09,13.0
P-BO0016,Books,0.53,0.61,33.81,14.4,386.0,0.4,2.77,4.14,8.0
P-AP0048,Apparel,0.48,0.64,67.65,12.0,461.0,19.5,3.24,3.63,9.0
P-EL0015,Electronics,0.82,1.25,268.82,4.0,125.0,6.9,2.47,3.41,23.0
P-AP0063,Apparel,0.38,0.96,24.62,17.0,753.0,25.8,2.08,4.39,7.0
P-FO0063,Food,2.07,4.46,23.15,17.3,458.0,0.0,6.23,3.83,3.0
P-EL0046,Electronics,1.78,2.66,116.08,7.1,335.0,6.5,5.16,4.78,38.0
P-EL0086,Electronics,0.97,1.85,200.03,8.0,114.0,2.9,4.27,4.06,28.0
P-EL0037,Electronics,0.82,1.9,168.66,8.5,119.0,9.0,2.83,4.28,28.0
P-FO0010,Food,2.41,4.99,13.36,27.9,766.0,1.5,6.14,4.22,4.0
P-BO0080,Books,0.98,1.94,17.37,19.0,444.0,4.1,3.92,3.79,8.0
P-AP0093,Apparel,0.72,1.37,60.75,4.8,420.0,13.2,2.82,3.6,9.0
P-AP0072,Apparel,0.44,0.74,42.94,13.9,500.0,21.9,3.1,3.72,7.0
P-EL0073,Electronics,1.5,1.87,415.81,5.2,84.0,3.7,3.28,4.63,21.0
P-HO0070,Home,9.62,16.14,61.05,9.9,412.0,2.5,16.19,5.0,16.0
P-AP0004,Apparel,0.3,0.54,29.01,15.2,478.0,17.2,2.51,3.61,11.0
P-HO0006,Home,8.06,14.64,67.41,18.3,286.0,9.4,14.78,4.6,11.0
P-HO0096,Home,3.23,6.38,99.17,9.7,636.0,4.0,7.26,4.58,16.0
P-EL0016,Electronics,1.42,2.73,223.23,5.8,200.0,7.7,4.93,3.24,19.0
P-BO0006,Books,0.6,1.81,28.43,10.0,686.0,2.6,3.71,4.37,7.0
P-FO0061,Food,2.16,4.88,15.97,26.7,933.0,0.0,6.63,4.25,3.0
P-EL0088,Electronics,1.49,1.78,160.15,8.6,134.0,6.6,3.84,3.48,8.0
P-BO0075,Books,1.64,1.5,20.44,16.5,322.0,0.6,3.77,4.36,4.0
P-AP0040,Apparel,0.44,0.59,89.49,16.1,210.0,16.6,2.62,3.11,9.0
P-AP0094,Apparel,0.38,0.56,97.53,11.5,136.0,19.1,3.0,3.16,5.0
P-AP0002,Apparel,0.37,0.59,57.17,15.4,459.0,20.3,3.67,4.26,10.0
P-BO0084,Books,0.59,1.07,10.61,21.9,906.0,1.1,3.06,4.47,8.0
P-AP0074,Apparel,0.26,0.35,43.5,12.9,427.0,20.4,1.53,3.59,13.0
P-AP0070,Apparel,0.35,0.6,28.42,24.1,310.0,22.9,2.74,3.6,9.0
P-HO0039,Home,4.33,6.13,78.75,16.8,272.0,6.9,8.16,4.25,12.0
P-AP0057,Apparel,1.1,2.23,81.11,11.5,249.0,22.7,4.51,2.85,16.0
P-EL0070,Electronics,0.68,1.0,134.87,8.6,233.0,2.2,3.71,4.83,22.0
P-AP0033,Apparel,0.84,1.75,78.21,12.2,335.0,8.6,2.75,3.92,6.0
P-FO0059,Food,1.8,1.9,14.05,18.8,643.0,1.4,4.23,4.95,3.0
P-FO0093,Food,0.99,2.22,7.86,22.9,497.0,0.1,4.77,3.68,2.0
P-BO0067,Books,1.1,3.13,13.7,24.0,540.0,2.0,4.09,3.21,5.0
P-HO0016,Home,8.76,13.11,69.22,12.8,331.0,4.4,14.16,4.02,14.0
P-HO0027,Home,13.11,17.39,24.72,16.7,681.0,8.3,19.68,3.77,19.0
P-BO0028,Books,1.15,1.25,10.49,20.5,553.0,2.7,3.2,4.89,4.0
P-BO0087,Books,0.49,0.92,33.95,13.2,378.0,3.3,2.61,4.15,7.0
P-BO0041,Books,0.67,1.67,29.86,17.1,1489.0,1.0,3.92,4.1,8.0
P-BO0057,Books,0.58,1.09,18.84,18.5,558.0,4.0,2.74,3.6,8.0
P-EL0018,Electronics,1.78,5.19,169.21,11.2,168.0,8.3,5.19,3.78,22.0
P-AP0077,Apparel,0.33,1.39,47.76,21.3,436.0,10.1,3.71,4.06,11.0
P-BO0082,Books,0.63,1.41,16.65,22.0,495.0,1.3,4.57,4.51,7.0
P-EL0020,Electronics,1.1,1.46,164.58,10.5,182.0,3.5,3.4,3.99,18.0
P-EL0055,Electronics,0.9,2.75,245.65,5.9,133.0,5.2,4.2,4.51,21.0
P-HO0080,Home,9.01,17.06,82.38,20.0,453.0,4.4,17.55,3.57,18.0
P-FO0025,Food,4.47,12.2,10.83,27.3,505.0,0.9,10.79,3.88,4.0
P-FO0026,Food,1.84,3.54,16.89,24.2,505.0,1.9,5.37,4.53,3.0
P-EL0034,Electronics,1.58,1.83,134.47,8.7,286.0,1.9,4.05,4.19,17.0
P-AP0081,Apparel,0.2,0.35,63.34,4.4,128.0,26.6,2.39,3.11,10.0
P-AP0084,Apparel,0.47,0.88,44.81,15.4,230.0,28.4,2.85,3.24,12.0
P-AP0050,Apparel,0.18,0.23,48.44,18.6,373.0,19.3,1.5,3.49,8.0
P-HO0007,Home,6.5,12.23,44.89,11.0,494.0,5.0,12.08,4.16,13.0
P-BO0038,Books,1.51,3.9,15.33,18.3,785.0,3.1,4.17,3.91,9.0
P-HO0044,Home,3.6,5.79,40.32,12.9,532.0,6.8,8.04,3.94,19.0
P-BO0065,Books,0.37,0.45,9.49,24.5,819.0,2.5,1.79,4.98,10.0
P-FO0034,Food,1.67,3.06,21.27,21.2,456.0,0.1,5.63,4.36,4.0
P-EL0097,Electronics,0.77,1.23,155.12,8.7,164.0,8.1,2.64,4.41,16.0
P-FO0083,Food,1.47,3.97,19.67,14.7,530.0,3.0,4.59,3.73,3.0
P-FO0041,Food,3.81,5.46,11.59,22.1,662.0,3.9,6.94,4.53,1.0
P-AP0054,Apparel,0.29,0.35,59.49,10.6,707.0,34.0,1.62,3.31,13.0
P-AP0022,Apparel,0.42,0.86,33.34,18.6,487.0,25.2,2.72,3.94,8.0
P-AP0013,Apparel,0.3,0.33,40.87,12.9,513.0,32.3,1.5,3.49,10.0
P-FO0018,Food,2.11,4.34,22.4,20.2,516.0,0.4,6.82,3.67,3.0
P-BO0027,Books,0.46,1.49,20.11,14.6,692.0,1.9,3.18,4.3,5.0
P-AP0071,Apparel,0.38,0.49,20.98,25.5,789.0,31.2,2.56,2.76,10.0
P-AP0008,Apparel,0.41,0.93,75.8,21.2,118.0,21.9,4.3,3.56,13.0
P-EL0078,Electronics,1.59,2.76,289.86,10.4,109.0,5.3,4.87,4.02,20.0
P-EL0094,Electronics,0.56,0.73,163.73,10.2,159.0,2.7,2.38,3.24,19.0
P-EL0061,Electronics,1.03,1.49,161.81,9.0,133.0,6.9,3.64,4.25,13.0
P-FO0043,Food,1.35,2.93,25.16,21.5,333.0,0.7,3.91,3.87,2.0
P-AP0025,Apparel,0.93,1.51,40.39,17.9,628.0,14.5,4.32,4.32,10.0
P-BO0037,Books,0.45,0.87,31.79,16.9,728.0,2.9,3.25,4.09,6.0
P-BO0005,Books,0.46,0.86,18.3,18.7,627.0,1.6,3.28,3.51,10.0
P-FO0081,Food,2.32,2.39,21.06,18.7,797.0,1.1,3.35,4.22,3.0
P-EL0091,Electronics,1.15,1.96,191.33,6.7,177.0,6.6,3.75,3.4,18.0
P-FO0075,Food,4.37,5.95,14.09,23.3,499.0,0.6,7.95,3.1,3.0
P-FO0017,Food,1.31,2.7,12.91,20.0,955.0,1.8,4.66,3.82,3.0
P-HO0073,Home,3.8,11.37,63.05,8.3,480.0,8.6,10.01,4.01,16.0
P-BO0051,Books,0.42,1.16,24.34,15.1,407.0,1.9,3.28,4.38,5.0
P-BO0003,Books,0.85,1.14,14.52,15.8,954.0,3.3,4.05,4.51,5.0
P-FO0005,Food,2.59,4.34,4.2,39.2,731.0,1.7,5.87,4.07,4.0
P-EL0024,Electronics,0.99,2.29,186.63,13.9,116.0,9.6,4.22,3.49,11.0
P-FO0033,Food,1.7,2.73,8.8,29.3,908.0,0.9,5.67,4.54,3.0
P-FO0087,Food,2.18,3.98,10.17,25.8,394.0,0.7,5.08,4.36,2.0
P-FO0095,Food,1.26,2.16,6.33,24.2,419.0,0.3,4.41,4.21,2.0
P-AP0026,Apparel,0.37,0.35,91.4,13.8,304.0,28.8,3.49,2.47,8.0
P-FO0003,Food,3.47,4.94,13.54,21.4,1472.0,2.6,8.54,3.78,4.0
P-HO0078,Home,12.34,35.64,29.55,20.1,427.0,5.1,26.32,4.57,8.0
P-AP0078,Apparel,0.21,0.32,52.1,15.7,433.0,18.8,1.5,3.4,7.0
P-FO0030,Food,2.5,3.6,8.15,21.2,487.0,1.9,6.52,4.89,3.0
P-BO0069,Books,0.71,1.51,17.77,17.4,411.0,1.0,3.45,4.5,8.0
P-HO0023,Home,8.69,21.94,68.07,12.9,252.0,5.0,17.39,3.19,15.0
P-BO0047,Books,0.4,0.6,21.31,21.7,564.0,0.4,2.9,4.53,9.0
P-EL0093,Electronics,1.16,3.23,64.48,14.8,404.0,1.7,2.8,4.24,21.0
P-EL0069,Electronics,1.1,1.96,180.01,10.2,117.0,6.5,2.08,4.73,21.0
P-EL0036,Electronics,1.14,2.25,76.25,9.3,257.0,4.6,3.88,4.36,19.0
P-AP0060,Apparel,0.83,1.42,27.99,22.0,464.0,29.9,3.17,4.58,7.0
P-EL0011,Electronics,1.7,3.29,105.89,11.8,109.0,5.2,5.05,4.31,18.0
P-AP0044,Apparel,0.46,0.65,45.26,19.3,294.0,20.8,3.79,3.01,12.0
P-BO0052,Books,0.24,0.65,16.0,17.8,744.0,0.3,3.22,4.97,9.0
P-AP0027,Apparel,0.48,0.88,43.26,13.1,248.0,29.6,2.82,4.22,9.0
P-HO0081,Home,12.33,18.75,81.72,12.5,297.0,6.8,19.24,4.4,13.0
P-EL0009,Electronics,0.82,0.88,157.48,14.6,116.0,7.2,3.62,4.25,22.0
P-BO0070,Books,0.77,0.8,27.16,21.6,778.0,3.3,3.0,3.34,8.0
P-AP0076,Apparel,0.66,1.76,33.18,14.6,598.0,39.2,3.43,3.76,7.0
P-HO0031,Home,6.67,10.64,57.46,23.0,253.0,1.5,12.65,4.31,11.0
P-HO0010,Home,2.7,3.84,42.21,17.1,577.0,6.9,5.34,3.69,8.0
P-AP0028,Apparel,0.36,0.65,40.82,18.0,427.0,27.4,1.5,3.72,10.0
P-AP0043,Apparel,0.69,1.27,36.21,14.3,393.0,33.8,3.19,3.72,7.0
P-HO0041,Home,6.53,12.1,91.15,9.6,207.0,4.6,12.71,4.19,14.0
P-EL0007,Electronics,1.04,1.69,110.55,15.0,320.0,7.1,4.04,4.21,14.0
P-HO0054,Home,8.05,15.46,81.05,12.5,427.0,2.3,14.57,4.23,14.0
P-FO0086,Food,1.04,1.7,8.1,20.9,562.0,1.3,3.23,3.95,4.0
P-BO0030,Books,0.3,0.4,13.36,22.0,853.0,1.5,2.62,3.35,10.0
P-EL0008,Electronics,1.19,2.76,126.68,11.3,108.0,4.5,3.06,3.91,19.0
P-AP0056,Apparel,0.32,0.61,45.02,18.3,371.0,40.9,2.19,3.46,14.0
P-EL0027,Electronics,1.41,1.78,381.34,4.0,156.0,6.3,5.05,4.32,20.0
P-HO0066,Home,5.92,11.44,102.96,21.4,312.0,7.5,11.22,4.04,13.0
P-EL0064,Electronics,1.65,3.83,217.36,5.2,95.0,8.3,4.97,4.09,17.0
P-HO0055,Home,4.76,6.3,88.39,13.5,185.0,0.1,8.75,3.93,12.0
P-BO0013,Books,0.3,0.46,7.36,26.5,999.0,0.8,2.73,3.92,9.0
P-AP0053,Apparel,0.24,0.89,35.95,17.7,536.0,18.8,2.47,3.55,9.0
P-EL0048,Electronics,1.63,4.04,575.35,4.0,86.0,7.8,5.19,3.78,17.0
P-HO0008,Home,6.62,10.34,112.62,6.5,292.0,7.9,10.12,4.35,17.0
P-HO0087,Home,7.11,10.17,58.05,11.8,815.0,6.5,12.75,4.6,13.0
P-EL0001,Electronics,0.75,2.0,316.07,4.0,108.0,8.3,3.17,3.82,15.0
P-HO0069,Home,7.23,16.52,64.72,10.5,293.0,6.8,14.5,4.18,12.0
P-HO0065,Home,6.98,14.53,65.32,17.9,451.0,8.3,13.02,3.51,14.0
P-BO0022,Books,0.23,0.51,10.82,25.3,901.0,0.0,2.7,4.58,6.0
P-FO0012,Food,1.39,2.39,9.72,22.5,921.0,0.5,4.67,4.11,4.0
P-EL0095,Electronics,0.63,0.86,193.17,7.0,214.0,4.9,2.52,3.95,27.0
P-FO0058,Food,1.2,2.43,10.19,21.6,881.0,1.9,5.18,3.86,3.0
P-FO0085,Food,2.03,2.54,12.27,20.5,684.0,1.3,6.1,3.9,3.0
P-BO0046,Books,0.8,1.22,34.14,18.8,651.0,1.0,3.53,3.89,10.0
P-AP0016,Apparel,0.76,1.4,70.82,5.2,303.0,40.3,2.88,4.61,9.0
P-EL0045,Electronics,1.32,2.1,107.55,4.0,146.0,5.6,4.03,4.41,23.0
P-AP0061,Apparel,0.42,1.18,38.91,16.4,629.0,16.1,3.09,3.28,8.0
P-BO0081,Books,0.37,0.87,33.4,12.5,290.0,2.9,3.07,4.44,11.0
P-AP0017,Apparel,0.51,0.84,38.95,7.0,520.0,30.2,3.87,2.7,9.0
P-HO0088,Home,3.22,4.55,54.42,22.1,536.0,7.5,7.65,4.09,19.0
P-EL0077,Electronics,1.29,2.43,115.35,4.0,155.0,9.2,4.51,4.09,20.0
P-BO0088,Books,0.39,0.62,19.67,20.7,532.0,1.5,1.68,4.11,6.0
P-EL0063,Electronics,1.56,2.2,144.15,4.0,95.0,4.0,4.14,4.31,21.0
P-BO0089,Books,0.41,0.67,31.31,21.2,313.0,0.8,2.44,3.98,6.0
P-BO0085,Books,0.52,1.03,15.05,24.7,405.0,3.2,3.33,4.52,11.0
P-HO0030,Home,9.1,9.78,118.13,9.8,270.0,3.0,12.75,4.56,14.0
P-HO0097,Home,7.97,13.96,50.74,14.5,305.0,4.6,12.72,4.14,15.0
P-AP0086,Apparel,0.21,0.25,39.65,10.6,700.0,29.2,1.5,3.27,13.0
P-BO0034,Books,0.49,1.03,13.31,26.8,562.0,1.4,3.05,3.5,8.0
P-AP0099,Apparel,0.58,1.51,29.47,13.8,316.0,12.3,2.5,3.95,9.0
P-FO0049,Food,1.84,4.9,8.68,24.9,756.0,0.0,6.6,4.33,3.0
P-AP0021,Apparel,0.27,0.54,45.06,20.3,348.0,20.3,1.5,3.72,7.0
P-FO0064,Food,1.67,2.94,6.04,26.3,833.0,0.8,4.26,3.1,4.0
P-FO0029,Food,2.39,4.63,7.65,22.8,809.0,0.2,6.61,3.3,2.0
P-BO0007,Books,0.14,0.14,18.14,24.9,648.0,2.4,2.87,4.8,8.0
P-FO0057,Food,4.26,5.24,12.05,27.0,888.0,2.1,8.65,3.89,3.0
P-AP0058,Apparel,0.4,0.75,16.88,28.0,548.0,36.6,3.39,3.71,7.0
P-EL0085,Electronics,1.49,4.26,149.06,4.8,179.0,11.2,4.7,3.99,23.0
P-HO0025,Home,8.8,11.08,38.85,16.8,496.0,6.2,14.79,4.28,13.0
P-HO0062,Home,12.27,20.37,78.07,17.1,320.0,4.2,20.27,4.61,13.0
P-BO0031,Books,0.28,0.67,25.49,20.9,435.0,3.8,2.66,4.66,7.0
P-FO0090,Food,2.49,3.88,7.38,27.1,1686.0,1.9,5.49,4.15,4.0
P-EL0076,Electronics,0.99,2.86,132.65,7.9,303.0,9.5,5.76,3.42,21.0
P-BO0086,Books,0.5,1.05,19.58,15.5,429.0,0.4,3.0,4.42,5.0
P-BO0071,Books,0.65,0.95,17.62,21.6,795.0,1.6,2.04,3.93,8.0
P-EL0087,Electronics,1.21,1.5,183.82,8.8,187.0,3.8,4.86,3.93,19.0
P-FO0099,Food,1.04,1.84,13.64,17.3,621.0,1.3,3.64,3.5,3.0
P-AP0082,Apparel,0.44,0.91,32.67,9.0,443.0,22.9,3.3,3.4,4.0
P-AP0005,Apparel,1.01,2.02,59.56,10.8,152.0,27.7,4.16,4.16,15.0
P-BO0096,Books,0.64,1.55,11.09,28.9,447.0,2.5,2.69,4.5,6.0
P-EL0049,Electronics,1.24,2.33,112.66,15.6,270.0,7.7,3.86,3.54,26.0
P-BO0078,Books,0.62,0.86,14.1,17.1,829.0,1.1,2.38,4.59,8.0
P-EL0005,Electronics,0.67,1.13,176.53,4.0,151.0,4.6,3.58,3.57,27.0
P-EL0017,Electronics,0.78,1.41,307.33,4.0,165.0,4.2,3.56,4.32,22.0
P-HO0034,Home,8.43,10.12,73.26,9.0,230.0,3.9,13.16,3.94,18.0
P-FO0045,Food,0.93,1.49,4.72,28.5,764.0,0.0,3.54,4.26,2.0
P-BO0094,Books,0.82,1.21,14.82,29.1,631.0,1.3,3.77,4.72,6.0
P-AP0006,Apparel,0.36,0.8,26.16,15.6,384.0,24.1,1.5,3.85,9.0
P-AP0034,Apparel,0.46,0.71,42.13,16.9,506.0,23.9,4.27,3.75,9.0
P-FO0001,Food,5.34,7.36,8.89,27.5,1007.0,1.1,8.19,4.57,3.0
P-HO0026,Home,9.57,14.47,87.76,20.0,297.0,0.0,17.35,4.07,19.0
P-HO0014,Home,7.02,18.05,132.24,10.7,154.0,6.1,15.61,4.03,8.0
P-AP0090,Apparel,0.59,0.89,83.04,12.2,231.0,16.9,2.07,3.52,6.0
P-FO0039,Food,0.98,1.53,11.21,29.4,661.0,1.3,4.07,3.96,2.0
P-BO0020,Books,0.54,0.61,13.48,17.5,756.0,3.7,1.78,4.03,6.0
P-HO0082,Home,5.29,9.62,44.12,7.8,630.0,1.6,10.48,4.03,17.0
P-EL0029,Electronics,1.46,1.99,160.45,5.5,206.0,10.1,2.52,3.39,7.0
P-AP0069,Apparel,0.41,0.71,38.91,18.4,638.0,7.5,1.7,3.64,17.0
P-AP0080,Apparel,0.49,0.95,26.54,23.1,831.0,25.7,3.81,2.91,12.0
P-AP0000,Apparel,0.48,0.84,70.72,7.2,331.0,31.7,2.53,3.44,7.0
P-AP0097,Apparel,0.42,0.88,31.06,14.7,475.0,12.6,3.06,4.92,10.0
P-HO0009,Home,10.02,20.54,89.91,11.9,238.0,5.6,18.03,3.85,9.0
P-AP0035,Apparel,0.52,0.94,75.34,8.9,598.0,21.3,2.33,4.16,12.0
P-FO0069,Food,1.91,4.32,15.03,17.6,301.0,1.4,5.3,4.4,2.0
P-FO0027,Food,1.19,2.58,13.16,16.8,846.0,0.7,5.54,4.3,2.0
P-AP0098,Apparel,0.42,1.02,81.5,7.0,362.0,27.8,4.04,2.76,9.0
P-BO0073,Books,0.46,0.47,14.25,25.1,673.0,1.5,2.38,4.32,7.0
P-AP0066,Apparel,0.36,0.47,120.26,5.9,151.0,11.5,1.87,3.97,7.0
P-FO0020,Food,2.09,3.81,17.61,22.1,669.0,0.5,6.55,3.77,4.0
P-AP0036,Apparel,0.24,0.58,46.12,15.1,492.0,18.4,3.14,2.94,7.0
P-HO0085,Home,7.33,12.09,95.52,10.7,302.0,3.6,12.95,4.48,14.0
P-BO0035,Books,0.42,0.73,6.02,29.2,528.0,2.7,2.63,4.28,5.0
P-AP0031,Apparel,0.49,0.94,40.51,11.3,307.0,14.4,3.18,3.44,10.0
P-EL0039,Electronics,1.61,6.94,145.65,10.5,225.0,4.0,6.44,3.01,19.0
P-HO0015,Home,5.28,3.81,74.61,11.1,316.0,5.8,9.23,3.72,12.0
P-EL0043,Electronics,1.33,2.6,100.1,12.0,408.0,5.5,4.43,3.15,21.0
P-EL0054,Electronics,0.97,1.72,163.18,11.7,182.0,5.8,4.09,4.79,22.0
P-FO0073,Food,0.75,1.6,7.39,32.8,1247.0,0.4,4.73,4.89,4.0
P-HO0099,Home,4.01,14.01,129.79,5.6,190.0,6.3,11.57,4.44,11.0
P-FO0054,Food,2.38,4.01,12.45,23.0,839.0,0.4,5.19,3.63,3.0
P-BO0004,Books,0.55,0.77,15.28,20.6,635.0,2.5,5.12,3.37,7.0
P-EL0035,Electronics,1.99,2.65,138.56,4.0,163.0,7.7,4.72,4.02,16.0
P-BO0015,Books,0.52,0.79,39.18,13.7,591.0,2.6,3.54,4.08,6.0
P-BO0009,Books,0.48,0.57,22.37,22.3,434.0,1.3,2.51,4.06,5.0
P-HO0076,Home,9.03,9.21,69.04,14.5,211.0,6.1,12.12,3.61,19.0
P-AP0024,Apparel,0.37,0.35,41.8,12.0,477.0,23.5,2.36,3.72,13.0
P-AP0042,Apparel,0.5,1.11,20.21,26.7,697.0,10.6,3.2,2.8,11.0
P-AP0010,Apparel,0.29,0.35,81.58,15.1,196.0,18.6,2.63,3.86,9.0
P-BO0023,Books,0.54,0.72,13.91,19.2,808.0,0.0,3.48,3.66,4.0
P-BO0032,Books,1.09,2.62,28.84,12.9,533.0,0.7,2.78,3.93,9.0
P-BO0093,Books,0.4,0.58,46.83,11.8,274.0,2.7,2.03,4.16,8.0
P-FO0035,Food,1.01,1.59,13.43,23.2,713.0,0.5,4.08,3.71,4.0
P-AP0007,Apparel,0.23,0.36,32.75,13.5,762.0,27.3,2.5,3.64,11.0
P-FO0042,Food,1.73,1.86,13.51,19.0,665.0,1.2,3.67,4.04,3.0
P-EL0012,Electronics,1.24,1.86,182.22,13.7,128.0,6.3,2.97,3.51,22.0
P-HO0072,Home,4.93,9.15,31.73,16.1,626.0,4.7,10.07,4.67,12.0
P-EL0047,Electronics,1.33,2.29,375.3,4.8,77.0,3.4,2.98,4.26,25.0
P-HO0003,Home,5.41,9.36,77.42,15.0,379.0,4.0,9.85,4.24,15.0
P-FO0024,Food,1.75,3.05,10.52,23.9,522.0,1.6,4.36,3.65,2.0
P-AP0019,Apparel,0.17,0.37,30.3,22.8,777.0,22.2,1.5,3.31,7.0
P-EL0021,Electronics,0.88,1.68,198.33,5.5,113.0,3.7,3.6,4.53,29.0
P-FO0002,Food,0.96,1.39,10.99,17.5,777.0,0.3,3.93,3.77,2.0
P-EL0083,Electronics,1.01,2.54,215.88,4.0,172.0,3.2,3.63,4.44,15.0
P-AP0030,Apparel,0.4,1.03,31.47,15.1,261.0,19.8,3.31,3.16,10.0
P-FO0079,Food,1.87,1.91,13.51,25.5,563.0,0.3,3.88,3.5,3.0
P-BO0029,Books,0.28,1.08,15.89,22.5,733.0,0.3,2.65,4.45,7.0
P-HO0029,Home,5.87,13.16,57.82,17.9,406.0,7.2,13.37,3.71,14.0
P-FO0091,Food,1.73,4.96,6.82,22.3,786.0,1.7,4.39,4.64,2.0
P-HO0086,Home,4.03,7.69,67.38,12.3,428.0,1.4,8.59,4.11,8.0
P-AP0023,Apparel,0.31,0.67,40.95,18.9,257.0,33.5,2.58,3.96,15.0
P-EL0033,Electronics,0.83,1.4,291.58,4.0,57.0,7.2,2.08,3.87,19.0
P-FO0071,Food,2.28,2.74,7.96,26.4,710.0,1.5,4.46,3.8,2.0
P-EL0004,Electronics,0.5,0.68,79.27,11.5,362.0,0.0,2.44,4.57,28.0
P-FO0011,Food,1.28,2.81,10.62,33.5,778.0,1.5,4.54,4.09,3.0
P-EL0019,Electronics,1.17,1.97,136.26,4.0,328.0,10.2,4.96,3.44,15.0
P-HO0019,Home,5.78,6.7,84.7,14.5,172.0,4.4,8.12,3.24,20.0
P-BO0079,Books,0.32,0.64,45.16,19.3,483.0,1.5,2.52,4.08,5.0
P-FO0096,Food,1.31,1.44,6.94,30.4,930.0,1.2,3.7,4.1,3.0
P-FO0019,Food,1.6,3.13,10.64,25.4,712.0,0.4,4.46,5.0,4.0
P-BO0056,Books,0.67,1.18,22.26,17.6,1473.0,1.2,2.78,4.18,7.0
P-AP0049,Apparel,0.08,0.16,67.95,6.5,321.0,17.1,2.6,3.44,12.0
P-HO0024,Home,4.38,7.75,41.06,15.6,302.0,0.0,8.92,4.95,12.0
P-HO0047,Home,3.93,5.39,85.43,15.1,221.0,3.4,7.3,4.94,12.0
P-FO0040,Food,0.89,1.0,6.9,26.9,793.0,0.9,3.38,3.17,3.0
P-AP0051,Apparel,0.49,0.83,66.14,18.9,413.0,26.2,2.42,4.15,8.0
P-FO0078,Food,1.32,2.33,7.13,29.2,665.0,0.0,3.94,3.89,4.0
P-BO0017,Books,0.54,1.22,37.44,20.5,441.0,3.4,2.64,4.46,7.0
P-HO0091,Home,4.57,9.69,90.04,7.3,413.0,6.6,9.21,4.94,10.0
P-HO0033,Home,7.83,20.78,59.72,14.8,628.0,4.9,16.6,4.07,14.0
P-EL0010,Electronics,1.78,3.66,259.65,9.4,72.0,1.9,4.36,4.06,20.0
P-HO0079,Home,3.13,6.52,48.54,13.2,203.0,4.8,7.1,4.62,16.0
P-EL0071,Electronics,0.72,1.48,204.29,11.4,128.0,5.8,3.56,4.6,16.0
P-HO0052,Home,5.68,6.0,111.28,6.3,301.0,4.9,9.79,3.81,19.0
P-EL0092,Electronics,0.99,1.59,324.26,4.0,89.0,10.7,4.32,4.12,19.0
P-FO0077,Food,2.37,4.9,13.64,21.3,567.0,1.3,5.88,4.01,3.0
P-BO0049,Books,0.7,1.69,28.73,23.5,569.0,2.2,2.78,4.04,8.0
P-FO0015,Food,2.65,3.69,8.95,23.9,707.0,0.5,6.84,4.07,2.0
P-BO0074,Books,0.41,0.77,18.88,25.4,802.0,0.0,2.83,3.51,6.0
P-FO0000,Food,2.78,4.93,10.56,26.4,778.0,1.5,5.87,3.87,3.0
P-AP0092,Apparel,0.9,2.05,40.61,14.2,369.0,16.9,3.6,3.14,11.0
P-HO0057,Home,10.4,13.05,33.93,13.6,531.0,5.7,15.7,4.36,11.0
P-FO0080,Food,1.35,2.73,9.87,25.6,1064.0,2.0,5.36,4.93,3.0
P-BO0039,Books,0.94,1.72,13.33,22.2,1346.0,0.6,2.51,4.95,6.0
P-FO0088,Food,5.87,18.03,10.81,28.5,607.0,0.4,13.7,3.36,3.0
P-AP0095,Apparel,0.47,1.22,98.58,13.8,499.0,12.9,3.37,4.03,9.0
P-BO0043,Books,0.22,0.5,16.01,19.4,703.0,2.3,3.13,3.89,8.0
P-AP0037,Apparel,0.38,0.59,45.68,17.4,529.0,0.0,1.57,4.54,10.0
P-HO0060,Home,8.73,16.51,39.24,13.9,198.0,8.5,14.95,4.09,10.0
P-EL0038,Electronics,0.83,2.71,117.68,14.0,182.0,0.0,4.3,3.37,31.0
P-HO0001,Home,7.93,19.69,53.63,7.2,361.0,3.0,16.92,4.15,19.0
P-FO0066,Food,1.81,4.29,14.18,18.1,498.0,0.0,4.77,4.3,3.0
P-HO0090,Home,10.31,20.86,75.68,14.9,364.0,0.6,19.35,3.71,10.0
P-FO0048,Food,3.33,4.82,16.97,20.8,594.0,0.9,6.45,4.27,4.0
P-AP0089,Apparel,0.32,0.53,42.53,18.8,317.0,23.5,2.36,4.02,13.0
P-HO0051,Home,7.21,13.98,42.89,18.4,422.0,6.4,13.3,3.92,7.0
P-AP0012,Apparel,0.51,0.8,28.38,17.2,416.0,9.1,3.57,3.9,12.0
P-FO0037,Food,3.28,9.4,11.36,25.3,697.0,1.2,8.6,3.86,4.0
P-AP0083,Apparel,0.56,1.02,57.96,16.8,347.0,24.7,2.57,4.16,8.0
P-AP0052,Apparel,0.5,0.92,50.19,11.3,254.0,21.1,2.56,3.92,8.0
P-BO0012,Books,0.48,0.77,17.99,19.0,1093.0,2.8,2.78,4.1,6.0
P-BO0025,Books,0.42,0.74,25.79,18.6,665.0,1.3,3.04,4.24,10.0
P-AP0091,Apparel,0.78,1.4,67.33,11.0,563.0,21.8,2.41,2.96,10.0
P-EL0044,Electronics,1.26,1.78,421.85,8.2,69.0,5.3,3.73,4.04,22.0
P-FO0044,Food,1.59,6.63,12.42,27.8,490.0,2.2,6.11,3.8,3.0
P-HO0075,Home,2.85,6.47,41.85,15.8,151.0,0.0,7.06,4.27,15.0
P-EL0006,Electronics,1.27,1.72,128.47,7.5,205.0,12.3,4.48,3.44,20.0
P-HO0050,Home,4.87,8.92,95.13,10.4,185.0,6.5,9.33,3.22,10.0
P-BO0011,Books,0.69,1.11,38.3,14.7,704.0,1.9,3.66,3.15,5.0
P-EL0075,Electronics,1.64,3.1,210.04,15.2,128.0,2.2,5.0,4.15,11.0
P-EL0000,Electronics,1.38,2.21,206.02,12.9,137.0,9.5,4.57,4.41,17.0
P-FO0028,Food,3.13,6.12,13.18,16.8,638.0,0.8,6.69,4.34,3.0
P-BO0091,Books,0.48,0.97,34.51,14.1,362.0,2.3,1.76,3.62,9.0
P-BO0083,Books,0.81,2.05,19.97,17.9,732.0,3.6,3.18,4.62,7.0
P-FO0032,Food,1.34,5.67,11.18,24.9,864.0,1.3,4.72,4.76,3.0
P-EL0068,Electronics,1.77,3.03,183.87,7.5,237.0,7.4,4.48,3.38,18.0
P-AP0067,Apparel,0.29,0.59,92.51,13.5,433.0,10.8,2.78,3.88,12.0
P-BO0092,Books,0.35,0.61,17.58,24.5,644.0,1.4,2.17,3.94,10.0
P-HO0018,Home,8.08,13.23,88.34,12.0,223.0,10.0,14.53,4.15,11.0
P-EL0042,Electronics,0.89,0.84,89.11,11.3,316.0,6.6,4.73,3.51,30.0
P-BO0066,Books,0.22,0.46,31.64,18.3,370.0,0.0,2.58,4.71,8.0
P-BO0045,Books,0.84,1.11,19.71,18.6,687.0,2.4,3.18,3.9,6.0
P-EL0072,Electronics,0.79,1.25,173.13,10.5,153.0,6.7,2.85,4.08,25.0
P-EL0023,Electronics,1.12,3.03,116.65,12.4,137.0,5.5,3.83,3.32,10.0
P-BO0098,Books,0.65,0.9,24.98,26.7,793.0,1.5,1.8,3.97,4.0
P-AP0085,Apparel,0.53,0.85,25.95,19.5,564.0,15.4,1.84,4.08,13.0
P-BO0048,Books,0.46,1.06,24.07,22.5,1047.0,3.0,3.36,3.8,6.0
P-AP0003,Apparel,0.82,1.78,55.4,13.5,491.0,18.0,3.79,3.1,4.0
P-FO0007,Food,3.48,7.5,12.79,18.5,804.0,2.1,8.58,5.0,3.0
P-HO0011,Home,2.67,5.61,142.5,10.2,278.0,5.6,7.67,4.76,17.0
P-EL0067,Electronics,0.97,1.97,207.19,4.0,287.0,4.3,4.1,3.76,19.0
P-EL0025,Electronics,1.02,2.05,197.21,9.2,134.0,4.8,3.47,4.66,21.0
P-AP0096,Apparel,0.56,1.63,27.54,11.8,658.0,24.6,3.5,3.4,9.0
P-AP0075,Apparel,0.25,0.48,23.73,19.1,642.0,20.7,1.71,2.96,11.0
